Date,Open,High,Low,Close,Adj Close,Volume
06-05-2017,121.9,121.9,121.6,121.7,121.7,3979200
06-06-2017,123.1,123.3,122.8,123.1,123.1,10798500
06-07-2017,122.8,123.2,122,122.4,122.4,9039200
06-08-2017,122.1,122.1,120.9,121.7,121.7,8169800
06-09-2017,120.5,120.9,120.4,120.5,120.5,7054700
06-12-2017,120.3,120.7,120.3,120.4,120.4,4927400
07-03-2017,116.5,116.8,115.9,116.1,116.1,12145000
07-05-2017,115.9,116.7,115.9,116.5,116.5,7223300
07-06-2017,116.6,116.6,116.2,116.5,116.5,4443400
07-07-2017,115.8,115.8,114.8,115.3,115.3,11153600
07-10-2017,115,115.6,114.8,115.5,115.5,4970900
07-11-2017,115.3,115.8,114.9,115.6,115.6,6637900
07-12-2017,116.2,116.3,115.9,116,116,4654400
08-01-2017,120.4,121.1,120.4,120.7,120.7,7365100
08-02-2017,120.5,121,120.3,120.4,120.4,5945300
08-03-2017,120.3,120.8,120.3,120.6,120.6,4275600
08-04-2017,120,120,119.2,119.7,119.7,8644800
08-07-2017,119.4,119.8,119.4,119.5,119.5,3010100
08-08-2017,120,120.1,119,119.9,119.9,7227200
08-09-2017,121,121.6,120.8,121.3,121.3,9186200
08-10-2017,122.1,122.4,122,122.2,122.2,9817900
08-11-2017,122.2,122.8,122,122.8,122.8,8019500
09-01-2017,126,126.2,125.1,126.1,126.1,11567400
09-05-2017,126.7,127.8,126.6,127.5,127.5,11813100
09-06-2017,127.3,127.4,126.6,126.8,126.8,10059300
09-07-2017,127.6,128.3,127.4,128.1,128.1,10219700
09-08-2017,128.2,128.3,127.6,128,128,9020000
09-11-2017,126.7,126.9,126.1,126.2,126.2,9126600
09-12-2017,126,126.6,125.9,126.6,126.6,8349000
10-02-2017,121.2,121.3,120.7,120.8,120.8,11755400
10-03-2017,120.7,121.1,120.7,120.8,120.8,3728700
10-04-2017,121.2,121.3,120.7,121.2,121.2,6475200
10-05-2017,121.2,121.2,120.4,120.5,120.5,6205400
10-06-2017,120.3,121.2,119.8,121.1,121.1,10013300
10-09-2017,121.6,122.1,121.6,122.1,122.1,5264100
10-10-2017,122.6,123,122.4,122.4,122.4,9315500
10-11-2017,122.6,122.9,122,122.8,122.8,5649400
10-12-2017,122.8,123,122.5,122.9,122.9,3037600
11-01-2017,121,121.6,120.8,121.1,121.1,4647800
11-02-2017,121.3,122,121.1,121.2,121.2,5369500
11-03-2017,121.4,121.4,120.2,120.6,120.6,6330600
11-06-2017,120.7,121.8,120.7,121.7,121.7,6953800
11-07-2017,121.5,121.6,120.8,121.2,121.2,4165900
11-08-2017,121.9,122.3,121.6,121.6,121.6,5565200
11-09-2017,121.8,122.4,121.7,122.1,122.1,6072400
11-10-2017,122,122.1,120.9,121.1,121.1,7116200
12-01-2017,120.9,122.4,120.7,121.6,121.6,13080100
12-04-2017,121.2,121.2,120.8,121.2,121.2,6943700
12-05-2017,120.1,120.5,119.7,120.3,120.3,10041200
12-06-2017,120,120.4,119.9,120.1,120.1,6643000
12-07-2017,119,119.2,118.1,118.5,118.5,12900200
12-08-2017,118.5,118.9,118.3,118.5,118.5,5231300
12-11-2017,118.4,118.5,117.8,118,118,4522200
12-12-2017,117.7,118.2,117.4,118.2,118.2,8020100
01-02-2018,124.7,125.2,124.4,125.2,125.2,11762500
01-03-2018,125.1,125.1,124.1,124.8,124.8,7904300
01-04-2018,124.9,125.8,124.7,125.5,125.5,7329700
01-05-2018,124.9,125.5,124.8,125.3,125.3,5739900
01-08-2018,125.2,125.3,124.9,125.3,125.3,3566700
01-09-2018,124.5,124.9,124.2,124.7,124.7,9153600
01-10-2018,125.2,125.3,124.7,125,125,14809300
01-11-2018,125.4,125.7,125.3,125.4,125.4,5994700
01-12-2018,126,127.1,125.8,127,127,9258600
02-01-2018,127.2,128.1,127.1,128.1,128.1,10854600
02-02-2018,126.8,126.8,126,126.4,126.4,16789200
02-05-2018,126.8,127.3,126.4,126.7,126.7,13596300
02-06-2018,126.5,126.6,125.2,125.4,125.4,17672500
02-07-2018,125.5,125.8,124.4,124.8,124.8,8558500
02-08-2018,124.9,125.4,124.5,125,125,7343600
02-09-2018,124.7,125.1,124.4,124.8,124.8,14140700
02-12-2018,125.2,125.8,125.1,125.4,125.4,6984900
03-01-2018,124.2,125.3,123.6,124.7,124.7,12910100
03-02-2018,125.7,125.7,125,125.4,125.4,9994300
03-05-2018,125.3,125.5,125,125.2,125.2,5778300
03-06-2018,126.2,127,126.1,126.5,126.5,8676800
03-07-2018,126.2,126.3,125.4,125.7,125.7,5158700
03-08-2018,125.7,125.7,125.1,125.4,125.4,3474900
03-09-2018,124.9,125.7,124.8,125.5,125.5,5066800
03-12-2018,125,125.6,124.8,125.5,125.5,2884300
04-02-2018,126.7,127.5,126.4,127.3,127.3,11421100
04-03-2018,126.5,126.6,126,126.3,126.3,6083700
04-04-2018,127.5,127.5,126.3,126.4,126.4,7488300
04-05-2018,125.4,126.1,125.4,125.8,125.8,5333000
04-06-2018,126.6,126.6,126.1,126.4,126.4,6121200
04-09-2018,126.4,126.9,126.2,126.8,126.8,4189900
04-10-2018,127,127.3,126.7,127.1,127.1,5268800
04-11-2018,128.1,129.5,127.8,128.1,128.1,12348600
04-12-2018,127.3,127.3,126.5,126.6,126.6,8141300
05-01-2018,123.9,124,123.4,123.7,123.7,7551600
05-02-2018,123.9,124.5,123.6,123.7,123.7,7614000
05-03-2018,124.7,124.8,124.2,124.3,124.3,4857400
05-04-2018,124.1,124.7,124,124.5,124.5,5883600
05-07-2018,124.5,124.7,124.3,124.6,124.6,3397500
05-08-2018,124.1,124.9,123.8,124.6,124.6,5551100
05-09-2018,124.4,124.9,124.2,124.3,124.3,4405600
05-10-2018,125.2,125.4,124.8,125.2,125.2,5218400
05-11-2018,125.6,125.6,124.9,125,125,4299200
06-01-2018,122.6,123.1,122.4,122.5,122.5,8059100
06-04-2018,122.8,122.9,122.4,122.4,122.4,4345400
06-05-2018,122.6,123.2,122.3,122.8,122.8,6864200
06-06-2018,123.1,123.3,122.6,122.9,122.9,4083700
06-07-2018,123,123.2,122.7,122.9,122.9,3700700
06-08-2018,123.1,123.1,122.9,123,123,3865700
06-11-2018,123.1,123.4,123,123.2,123.2,3201200
06-12-2018,122.9,123.2,122.6,122.8,122.8,7279600
07-02-2018,118.2,118.2,117.4,117.5,117.5,12021900
07-03-2018,118.4,119.1,118.4,118.7,118.7,8901000
07-05-2018,118.9,119.3,118.8,119.1,119.1,4951900
07-06-2018,119,119,118.7,118.9,118.9,2946900
07-09-2018,119.7,119.7,119.1,119.2,119.2,4074900
07-10-2018,118.9,119,118.6,118.9,118.9,3754800
07-11-2018,118.4,118.5,117.6,117.6,117.6,6974500
07-12-2018,118,118.3,117.9,118.1,118.1,4585300
08-01-2018,115.6,115.7,115.1,115.1,115.1,7941700
08-02-2018,115.2,115.2,114.4,114.5,114.5,6204200
08-03-2018,115.1,115.5,114.9,114.9,114.9,5953200
08-06-2018,114.6,114.7,114.3,114.3,114.3,5811600
08-07-2018,114.8,114.9,114.4,114.6,114.6,5188000
08-08-2018,114.8,114.9,114.4,114.9,114.9,3808000
08-09-2018,115,115.1,114.7,114.7,114.7,4253000
08-10-2018,114.8,115.2,114.6,114.7,114.7,6757900
09-04-2018,112.8,113.1,112.6,112.9,112.9,6617500
09-05-2018,113.4,113.4,113.1,113.3,113.3,4459200
09-06-2018,113.9,114.3,113.3,113.5,113.5,4784700
09-07-2018,113.3,113.6,113,113.2,113.2,3714000
09-10-2018,113.3,113.4,113,113.2,113.2,2316500
09-11-2018,112.7,113.4,112.4,113.2,113.2,3791300
09-12-2018,113.1,114.4,113.1,114.2,114.2,6315900
10-01-2018,112.4,112.6,112.2,112.6,112.6,3892600
10-02-2018,113.7,114.3,113.6,113.9,113.9,10776700
10-03-2018,113.9,114.1,113.3,113.4,113.4,6674500
10-04-2018,113.8,114.2,113.3,113.5,113.5,6616200
10-05-2018,113.8,114.1,113.6,113.8,113.8,7994400
10-08-2018,112.3,112.6,111.9,112.5,112.5,12111600
10-09-2018,112.4,112.7,112,112.6,112.6,8352300
10-10-2018,112.5,113,112.3,112.9,112.9,10571300
10-11-2018,114.2,116,114.1,115.8,115.8,26810900
10-12-2018,115.6,115.7,115.1,115.2,115.2,12939300
11-01-2018,116.3,117.1,116.2,116.6,116.6,13662900
11-02-2018,116.6,117,116.4,116.7,116.7,8796900
11-05-2018,116.3,116.7,116.2,116.4,116.4,6291500
11-06-2018,116.4,116.5,115.7,116,116,7270800
11-07-2018,116.3,116.3,115.9,116,116,8392100
11-08-2018,115.8,116.2,115.5,115.8,115.8,7638800
11-09-2018,114.6,114.8,114.1,114.5,114.5,14159200
11-12-2018,114,114.1,113.6,113.7,113.7,7498600
12-03-2018,116.6,116.8,116.3,116.4,116.4,8469500
12-04-2018,117.4,117.4,116.9,117.1,117.1,7186100
12-06-2018,117.4,117.7,116.9,117.1,117.1,9267600
12-07-2018,117.6,118.2,117.5,118.1,118.1,10402900
12-10-2018,117.7,117.9,117.4,117.7,117.7,8117900
12-11-2018,117.7,117.9,117.3,117.5,117.5,6395400
12-12-2018,117.7,117.9,117.6,117.8,117.8,4136800
01-02-2019,121.3,121.8,120.9,121.3,121.3,12776200
01-03-2019,121.8,122.5,121.7,122.4,122.4,15440800
01-04-2019,121.3,121.6,120.7,121.4,121.4,13334000
01-07-2019,122.2,122.2,121.6,121.9,121.9,7473600
01-08-2019,121.2,121.7,121.1,121.5,121.5,7643100
01-09-2019,121.4,122.3,121.4,122.3,122.3,10555900
01-10-2019,122,122.2,121.6,121.6,121.6,6672000
01-11-2019,121.7,122.1,121.7,121.8,121.8,8622400
02-01-2019,124.9,125.1,124.4,124.5,124.5,12485500
02-04-2019,124,124.3,123.8,124,124,6878900
02-05-2019,124.3,124.4,124.1,124.3,124.3,6291100
02-06-2019,124.2,124.2,123.4,123.4,123.4,6595100
02-07-2019,123.8,123.9,123.4,123.7,123.7,5935500
02-08-2019,124.1,124.3,124,124.2,124.2,4235200
02-11-2019,123.2,123.8,123.2,123.6,123.6,4821800
02-12-2019,124,124,123.6,123.9,123.9,4271900
03-01-2019,123.5,124,121.9,121.9,121.9,16411700
03-04-2019,121.6,121.8,121.2,121.6,121.6,10272600
03-05-2019,121.4,121.7,121,121.7,121.7,7120100
03-06-2019,121.4,121.6,121.3,121.6,121.6,4820400
03-07-2019,121.3,121.7,121.2,121.5,121.5,6088800
03-08-2019,122.7,122.9,122.4,122.8,122.8,10427700
03-11-2019,122.5,122.5,121.9,122.2,122.2,6708700
03-12-2019,122.5,123,122.4,123,123,6289900
04-01-2019,122.4,122.4,121.5,121.5,121.5,13560000
04-02-2019,121.7,122,121.7,122,122,4475000
04-03-2019,121.7,122,121.7,121.8,121.8,6152200
04-04-2019,121.1,122.2,121,122.1,122.1,7508400
04-05-2019,121.9,122.1,121.7,122,122,5114500
04-08-2019,123,123,122.4,122.5,122.5,4270800
04-09-2019,123.3,123.3,123,123.2,123.2,4648400
04-10-2019,123.2,123.8,123.2,123.5,123.5,6344800
04-11-2019,122.5,122.8,121.8,121.9,121.9,11694500
04-12-2019,122,122.3,121.8,121.8,121.8,5272800
05-01-2019,121,121.6,120.2,120.4,120.4,12331800
05-02-2019,119.7,120.1,119.5,119.9,119.9,6759600
05-03-2019,120.6,121.1,120.5,120.7,120.7,8414400
05-06-2019,120.6,121.1,120.5,120.8,120.8,3479600
05-07-2019,121,121.4,120.9,121.2,121.2,4010700
05-08-2019,121.5,121.5,120.8,120.9,120.9,4178800
05-09-2019,121,121.6,120.9,121.2,121.2,5015500
05-10-2019,121.4,121.7,121.3,121.4,121.4,4586000
06-03-2019,124.1,125.3,123.9,125.1,125.1,14173600
06-04-2019,124.9,125.4,124.6,125.2,125.2,7997100
06-05-2019,126.2,126.4,125.2,125.5,125.5,7637900
06-06-2019,125.9,126.4,125.8,125.9,125.9,5551800
06-07-2019,126.8,127.3,126.3,126.6,126.6,8145900
06-10-2019,125.5,125.5,125.1,125.3,125.3,5410000
06-11-2019,124.9,125.4,124.9,125.2,125.2,4757800
06-12-2019,125.6,126.2,125.6,125.8,125.8,5756200
07-01-2019,131.6,131.8,130.6,130.6,130.6,13317700
07-02-2019,131.3,133.6,131.2,133.4,133.4,13282100
07-03-2019,133.6,134.1,133.2,133.6,133.6,6351500
07-05-2019,131.5,132.3,130.8,132.1,132.1,11536600
07-08-2019,132.2,132.3,131.3,131.3,131.3,8028900
07-09-2019,131.4,132.1,131.2,131.8,131.8,6633400
07-10-2019,132.9,133.9,132.4,133.8,133.8,13920600
07-11-2019,133.6,133.7,132.4,132.7,132.7,7535100
07-12-2019,132.9,133.7,132.5,133.5,133.5,6309500
08-01-2019,132.4,136.4,132.3,136.4,136.4,27719800
08-02-2019,135.4,136.6,135.4,135.9,135.9,13753200
08-05-2019,137.9,138.6,137.1,137.8,137.8,17519800
08-06-2019,138.3,139,138,138.9,138.9,9471200
08-07-2019,141.3,142.5,140.9,141,141,26671100
08-08-2019,140.9,142.4,140.7,141.7,141.7,13108600
08-09-2019,141.3,142,141,141.3,141.3,9485900
08-12-2019,141.7,143.4,141.6,142.6,142.6,15264000
09-03-2019,145,146.1,144.7,145.8,145.8,15615200
09-04-2019,145.5,146.8,145.5,146.7,146.7,11285900
09-05-2019,145,145,142,143.1,143.1,20293200
09-06-2019,143.6,144.1,141.9,141.9,141.9,14175200
09-09-2019,142.4,142.5,141.2,141.4,141.4,11323800
09-10-2019,141.2,141.5,140.2,140.2,140.2,12629200
09-11-2019,140.3,141.3,140.3,141,141,7453000
09-12-2019,142.7,143.1,141.1,141.3,141.3,12673700
10-01-2019,138.1,140.2,137.8,139.6,139.6,12476200
10-02-2019,140.8,141.9,140.5,141.3,141.3,11914300
10-03-2019,141.4,143.3,141.3,141.9,141.9,12396100
10-04-2019,141.5,142.3,141.1,141.9,141.9,9651000
10-07-2019,141.2,141.8,140.2,140.7,140.7,6127200
10-08-2019,142,142.3,141.2,141.9,141.9,10428900
10-09-2019,142.2,142.6,141.6,142.1,142.1,6927700
10-10-2019,141.6,141.7,140.6,140.8,140.8,9301700
10-11-2019,140,140.2,138.9,140,140,11333400
11-01-2019,142.2,142.9,142,142.6,142.6,8090000
11-04-2019,142.3,142.4,141.7,142.1,142.1,4740300
11-05-2019,140.6,140.9,139.4,139.9,139.9,11782300
11-06-2019,140.1,140.8,140,140.4,140.4,6416500
11-07-2019,140.1,140.2,137.6,138.3,138.3,15214200
11-08-2019,137.7,138.3,137.4,137.4,137.4,10377400
11-11-2019,137.6,137.8,136.4,137.1,137.1,7037300
11-12-2019,137,137.6,136.2,137.4,137.4,6448600
12-02-2019,137.3,138.1,137.3,137.8,137.8,8274700
12-03-2019,139,139.6,139,139.1,139.1,8481700
12-04-2019,139.2,139.2,138.6,138.9,138.9,6322300
12-05-2019,138.8,139.4,138.8,139,139,5671500
12-06-2019,137.8,137.8,137.4,137.6,137.6,8714500
12-09-2019,137.8,137.8,137.4,137.6,137.6,2711600
12-10-2019,138.3,138.3,137.7,138,138,3240800
12-11-2019,138.2,139.3,138.1,138.9,138.9,6097500
12-12-2019,139.8,139.9,137.9,138.4,138.4,8815100
01-02-2020,143.9,144.2,143.4,143.9,143.9,7733800
01-03-2020,145.8,146.3,145.4,145.9,145.9,12272800
01-06-2020,148.4,148.5,146.9,147.4,147.4,14403300
01-07-2020,147.6,148.1,147.4,148,148,7978500
01-08-2020,148.5,148.6,146.1,146.9,146.9,22248500
01-09-2020,146.1,146.4,145.4,146,146,10292300
01-10-2020,146.2,147,146.2,146.9,146.9,6183300
02-03-2020,148.7,148.8,147.7,148.4,148.4,9105300
02-04-2020,147,147,145.8,146.4,146.4,10525600
02-05-2020,146.4,146.8,146.2,146.6,146.6,6160700
02-06-2020,147.3,147.6,147,147.4,147.4,4819800
02-07-2020,147.8,148.2,147.3,147.8,147.8,6379300
02-10-2020,148.2,148.4,147.9,148.2,148.2,5793600
02-11-2020,148,148.2,147,147.7,147.7,5179400
02-12-2020,147.4,147.8,147.2,147.5,147.5,5040600
03-02-2020,150,150.7,149,149.2,149.2,16295400
03-03-2020,150.8,155.2,150.7,153.9,153.9,28687700
03-04-2020,154.4,155,153.7,154.2,154.2,12315500
03-05-2020,156.1,157.6,155.7,157.5,157.5,17973500
03-06-2020,158.3,159.3,154.5,157.6,157.6,26973400
03-09-2020,158.6,159.4,156.3,157.8,157.8,24868700
03-10-2020,156.2,156.4,154.4,154.5,154.5,18811500
03-11-2020,156.3,156.5,153.6,153.9,153.9,18159900
03-12-2020,151.5,151.6,146.9,147.8,147.8,32893400
04-01-2020,148.2,150.1,147.9,149.4,149.4,11827400
04-02-2020,151.2,152.5,150.7,151.9,151.9,9188300
04-03-2020,152.2,153.1,151.7,152.6,152.6,8469100
04-06-2020,154.2,157.2,154,156.9,156.9,14739300
04-07-2020,155.3,156.1,154.4,156,156,9195400
04-08-2020,155.9,155.9,154.6,154.6,154.6,7600800
04-09-2020,158.1,159.1,157.2,158.7,158.7,18123000
05-01-2020,158,160.4,157.8,159.8,159.8,10914300
05-04-2020,160.3,160.9,159.9,160.3,160.3,7986200
05-05-2020,160.2,161.1,159.3,161,161,10563100
05-06-2020,159,159.8,158.1,158.9,158.9,13352000
05-07-2020,159.5,162,159.4,161.4,161.4,13691700
05-08-2020,161.1,162,160,160.4,160.4,12240900
05-11-2020,160.3,160.7,158.9,159.4,159.4,11209800
05-12-2020,160.3,160.9,159.7,160,160,10406000
06-01-2020,162.9,163.7,162.4,163.7,163.7,8140200
06-02-2020,163.9,164.1,161.9,162.6,162.6,10388900
06-03-2020,160.3,160.9,158.8,159.6,159.6,17000500
06-04-2020,161.1,161.9,159.8,161.3,161.3,10094000
06-05-2020,158.7,158.7,157,158,158,16021200
06-08-2020,158.9,159.9,158.5,159.7,159.7,9244400
06-09-2020,161.1,161.8,160.9,161.3,161.3,9045600
06-10-2020,162.1,163.6,160.5,163.6,163.6,13009300
06-11-2020,163.4,164.1,162,162.4,162.4,11673900
06-12-2020,163.4,163.9,162.6,162.6,162.6,6895400
07-01-2020,167.1,167.1,165.3,166.6,166.6,13214800
07-02-2020,166.2,167.2,166,167,167,8753500
07-06-2020,167.8,168,167.2,168,168,7265700
07-07-2020,167.4,169,167.4,169,169,11633100
07-08-2020,170.3,170.9,169.8,170.1,170.1,11662700
07-09-2020,170.5,170.6,168.8,169.6,169.6,13327400
07-10-2020,169.9,170.1,168.6,169.2,169.2,8218000
08-03-2020,185.1,185.8,184.2,185.6,185.6,12897000
08-04-2020,185.6,189.6,185.2,189.6,189.6,20773200
08-05-2020,191.6,193.1,190.6,191.4,191.4,27078100
08-06-2020,193.7,194.4,192.5,193.9,193.9,20640100
08-07-2020,192.7,193,189.3,190.8,190.8,24570200
08-10-2020,191.2,192.6,189.7,190.1,190.1,19047200
08-11-2020,183.6,184,179.4,179.9,179.9,45355000
08-12-2020,182.6,183.1,179,179.1,179.1,28660500
09-01-2020,187,187,184.3,185.1,185.1,10662100
09-02-2020,183.8,183.9,181.5,182.6,182.6,11536900
09-03-2020,182.3,182.8,180.5,181.1,181.1,12148100
09-04-2020,180.9,182.1,180.1,181.6,181.6,11567900
09-08-2020,179.5,182.3,179,181.3,181.3,13229200
09-09-2020,182.5,183.2,182.2,183.1,183.1,8424100
09-10-2020,184.2,184.7,182.3,182.5,182.5,9143600
09-11-2020,183.1,183.6,182,182.4,182.4,7662300
10-01-2020,178.7,179.5,178,178.7,178.7,10402800
10-02-2020,178.7,179.3,178.2,178.5,178.5,7488500
10-05-2020,179,180.1,178.9,179.4,179.4,6969600
10-06-2020,180.2,180.4,177.1,177.3,177.3,8632800
10-07-2020,177.1,177.4,176.4,177.2,177.2,6410900
10-08-2020,178.2,178.4,176.7,177.9,177.9,6530800
10-09-2020,180.1,181.2,179.9,181.1,181.1,15979800
10-12-2020,180.6,180.8,180.2,180.6,180.6,4843000
11-02-2020,177.4,177.9,177.1,177.9,177.9,6498400
11-03-2020,178.9,179.4,178.3,178.9,178.9,7577200
11-04-2020,178.9,179.2,177.7,178.8,178.8,11117300
11-05-2020,181,183.3,181,182.9,182.9,16102800
11-06-2020,183.4,183.5,182.2,183.2,183.2,10378300
11-09-2020,176.4,176.4,173.6,175.1,175.1,29800700
11-10-2020,176.8,176.9,175.7,175.7,175.7,11728500
11-11-2020,174.7,175.3,174.4,174.9,174.9,9008500
11-12-2020,176,176.8,175.8,176,176,7167900
12-01-2020,169.8,170.5,169.3,170.2,170.2,13533300
12-02-2020,170.6,171.8,170.1,171.5,171.5,9199700
12-03-2020,172.6,172.9,171.1,172.8,172.8,10457300
12-04-2020,172.8,173.3,171.6,172.3,172.3,10098600
12-07-2020,172.6,175.3,172.5,174.9,174.9,10555100
12-08-2020,175.5,175.9,174.7,175.5,175.5,6348400
12-09-2020,173.9,174,171.2,172.5,172.5,10743200
12-10-2020,172.9,173.6,171.7,172.2,172.2,6564000
12-11-2020,172.3,173.3,172.1,172.5,172.5,6084800
01-04-2021,182,182.4,181,182.3,182.3,14331400
01-05-2021,182.9,183.2,181.8,182.9,182.9,12718800
01-06-2021,181.5,181.6,178.2,179.9,179.9,18453500
01-07-2021,179.7,179.9,178.8,179.5,179.5,7110200
01-08-2021,176.8,177,171.5,173.3,173.3,24399900
01-11-2021,172.1,173.7,172,173,173,8571400
01-12-2021,173.1,174.2,172.3,174.1,174.1,9798500
02-01-2021,175,175.3,174.1,174.2,174.2,9105500
02-02-2021,172.5,172.5,171.5,172.1,172.1,7221700
02-03-2021,172.4,172.6,171.5,171.9,171.9,4658100
02-04-2021,168.3,168.4,167.3,168.1,168.1,13736600
02-05-2021,169,170.2,168.7,169.8,169.8,6538500
02-08-2021,172,172.4,171.5,171.5,171.5,6887500
02-09-2021,172.6,173,171.8,172.1,172.1,5131800
02-10-2021,173.1,173.2,172,172.7,172.7,6112800
02-11-2021,172.7,172.9,170.7,171.2,171.2,5994500
02-12-2021,170.3,171.6,169.9,170.7,170.7,6018900
03-01-2021,163,163.4,161.2,161.5,161.5,13828300
03-02-2021,161.9,162.9,161.2,162.4,162.4,11424600
03-03-2021,160.6,161.7,159.5,160.6,160.6,13059900
03-04-2021,160.6,161.5,158.4,159,159,13870100
03-05-2021,159.7,159.8,158.6,159.1,159.1,12821600
03-08-2021,158.6,158.7,157.1,157.5,157.5,12134900
03-09-2021,160.8,161.3,160.4,160.8,160.8,10382600
03-10-2021,161.1,161.8,160.7,161.7,161.7,7962000
03-11-2021,161.5,162,161.1,161.5,161.5,6749200
03-12-2021,159.5,161.7,159.4,161.5,161.5,8608500
04-01-2021,161.6,162.1,161.3,162,162,7105200
04-05-2021,161.5,162.4,161.4,161.9,161.9,6163800
04-06-2021,162.8,163.5,162.8,163.2,163.2,6761200
04-07-2021,162.8,163.3,162.5,162.8,162.8,5436000
04-08-2021,164.2,164.8,164.1,164.5,164.5,6574500
04-09-2021,162.8,163.7,162.5,163.3,163.3,6657900
04-12-2021,162.7,162.8,161.8,162.3,162.3,4896700
05-03-2021,167.6,168.4,167.4,167.8,167.8,9014700
05-04-2021,167.7,168.6,165.5,166.6,166.6,10267400
05-05-2021,166.6,167.3,166.6,167.3,167.3,5950000
05-06-2021,167.9,170.3,167.9,170.1,170.1,13574100
05-07-2021,171.5,172.6,171,171.6,171.6,14748600
05-10-2021,172.7,172.8,171.8,172.1,172.1,8276600
05-11-2021,170.6,172.2,170.3,172.1,172.1,8348200
05-12-2021,171.4,171.8,170.4,170.4,170.4,12666300
13-06-2017,119.9,120.7,119.9,120.5,120.5,3786600
14-06-2017,121.5,121.9,119.6,119.8,119.8,21124800
15-06-2017,119.2,119.5,119.1,119.3,119.3,6796700
16-06-2017,119.3,119.5,119.2,119.3,119.3,6435700
19-06-2017,118.7,118.8,118.3,118.4,118.4,6787000
20-06-2017,118.4,118.5,118.1,118.2,118.2,4617400
21-06-2017,118.2,118.7,118.2,118.5,118.5,4723700
22-06-2017,119.1,119.2,118.6,118.9,118.9,5811900
23-06-2017,119.7,119.7,119.3,119.4,119.4,9258600
26-06-2017,118.3,118.5,118.2,118.4,118.4,6593400
27-06-2017,118.9,119.1,118.5,118.8,118.8,5759300
28-06-2017,119.1,119.1,118.7,118.9,118.9,4220100
29-06-2017,118,118.6,117.9,118.3,118.3,7705200
30-06-2017,118.1,118.4,117.9,118,118,7272600
13-07-2017,116,116,115.7,115.8,115.8,4148900
14-07-2017,117,117.3,116.6,116.8,116.8,5788200
17-07-2017,117.4,117.5,117.2,117.3,117.3,5170800
18-07-2017,118,118.3,117.9,118.1,118.1,7158600
19-07-2017,118.2,118.3,117.8,118.1,118.1,3205100
20-07-2017,117.9,118.6,117.7,118.2,118.2,5571600
21-07-2017,119,119.4,118.8,119.3,119.3,10135900
24-07-2017,119.5,119.6,119.2,119.3,119.3,3654300
25-07-2017,119,119.3,118.8,118.9,118.9,6203000
26-07-2017,118.6,120.2,118.6,119.9,119.9,8527900
27-07-2017,120.1,120.1,119.3,119.8,119.8,6385200
28-07-2017,120.2,120.9,120.1,120.7,120.7,7393600
31-07-2017,120.5,120.8,120.4,120.8,120.8,3944600
14-08-2017,122,122.2,121.7,121.9,121.9,6035300
15-08-2017,120.6,121.2,120.6,121,121,6731300
16-08-2017,120.7,122.1,120.7,121.9,121.9,8267300
17-08-2017,122.3,122.6,121.8,122.5,122.5,8183800
18-08-2017,123.4,123.5,122,122.3,122.3,13654200
21-08-2017,122.5,123,122.5,122.8,122.8,5549700
22-08-2017,122.6,122.6,121.8,122.2,122.2,6493900
23-08-2017,122.6,122.7,122.3,122.7,122.7,5038400
24-08-2017,122.4,122.6,122.1,122.3,122.3,4193400
25-08-2017,122.8,123,121.3,122.7,122.7,12398200
28-08-2017,123.3,124.7,123.3,124.7,124.7,11578300
29-08-2017,125.8,125.9,124.1,124.4,124.4,9861500
30-08-2017,124.3,124.6,124.2,124.4,124.4,6328400
31-08-2017,124.6,125.8,124.6,125.8,125.8,11775500
13-09-2017,126.4,126.4,125.5,125.6,125.6,8491000
14-09-2017,125.7,126.4,125.6,126.2,126.2,5330700
15-09-2017,126,126,125.4,125.5,125.5,8375100
18-09-2017,124.7,124.8,124,124.4,124.4,8859800
19-09-2017,124.5,124.7,124,124.6,124.6,5826500
20-09-2017,124.7,125.1,123.2,123.6,123.6,11415400
21-09-2017,122.6,123.1,122.5,122.7,122.7,7757900
22-09-2017,123,123.4,122.9,123.2,123.2,6011900
25-09-2017,122.8,124.7,122.7,124.5,124.5,10257200
26-09-2017,123.6,123.8,122.9,123.1,123.1,8673600
27-09-2017,122,122.5,121.9,122,122,6903900
28-09-2017,122,122.5,121.8,122.2,122.2,5968200
29-09-2017,122.3,122.3,121.6,121.6,121.6,10208000
13-10-2017,123.7,123.9,123.3,123.8,123.8,6820300
16-10-2017,123.8,124,122.6,123,123,8202000
17-10-2017,122,122.3,121.7,122.1,122.1,7041300
18-10-2017,121.7,121.9,121.6,121.7,121.7,3666400
19-10-2017,122.2,122.6,122.1,122.4,122.4,5567300
20-10-2017,121.7,122,121.4,121.6,121.6,8481100
23-10-2017,121,121.9,121,121.8,121.8,5069700
24-10-2017,121.3,121.7,121,121.3,121.3,5114100
25-10-2017,121.3,121.6,120.8,121.3,121.3,4282400
26-10-2017,121.2,121.2,120.2,120.3,120.3,6438800
27-10-2017,120.4,121,120.2,120.9,120.9,6664200
30-10-2017,120.4,121.5,120.4,121.1,121.1,5119200
31-10-2017,120.8,120.8,120.4,120.7,120.7,3910500
13-11-2017,121.4,121.6,121.3,121.3,121.3,6249300
14-11-2017,120.9,121.9,120.8,121.6,121.6,6189000
15-11-2017,122.1,122.4,121.3,121.4,121.4,4984800
16-11-2017,121.4,121.7,121.3,121.4,121.4,2796500
17-11-2017,122.2,123.2,121.9,122.9,122.9,10614000
20-11-2017,122.3,122.4,121,121.3,121.3,8356700
21-11-2017,121.7,122,121.5,121.5,121.5,4956500
22-11-2017,122.3,122.9,122.2,122.6,122.6,5211800
24-11-2017,122.4,122.6,122.2,122.3,122.3,1779700
27-11-2017,123.3,123.3,122.7,122.8,122.8,4961200
28-11-2017,123.1,123.2,122.5,122.8,122.8,5603100
29-11-2017,122.2,122.3,121.7,122,122,6138900
30-11-2017,121.4,121.7,120.6,121.1,121.1,7936300
13-12-2017,118.2,119.3,118,119.2,119.2,10086700
14-12-2017,119.1,119.3,118.7,118.9,118.9,6993600
15-12-2017,119.4,119.5,119,119.2,119.2,7532000
18-12-2017,119.6,120,119.6,119.7,119.7,5452200
19-12-2017,119.7,119.9,119.5,119.8,119.8,4018900
20-12-2017,120,120.4,119.8,120.1,120.1,5734600
21-12-2017,120.1,120.4,120,120.3,120.3,4823700
22-12-2017,120.7,121.1,120.6,120.9,120.9,5791300
26-12-2017,121.6,121.9,121.5,121.8,121.8,8224400
27-12-2017,122,122.3,121.9,122.2,122.2,6232700
28-12-2017,122.8,122.9,122.6,122.8,122.8,5732700
29-12-2017,123.7,124.1,123.5,123.7,123.7,7852100
16-01-2018,126.6,127.2,126.4,127.2,127.2,8083900
17-01-2018,126.8,127.2,125.9,126.1,126.1,10130500
18-01-2018,126.1,126.5,125.8,125.9,125.9,6289300
19-01-2018,126.6,126.7,126.4,126.4,126.4,8773800
22-01-2018,126.5,126.8,126.3,126.7,126.7,4893500
23-01-2018,126.5,127.3,126.3,127.3,127.3,6190400
24-01-2018,128.4,129.3,128.2,128.8,128.8,11827600
25-01-2018,128.7,129.5,127.4,128,128,15219700
26-01-2018,128.2,128.5,128,128.1,128.1,7828700
29-01-2018,127.6,127.6,126.9,127.3,127.3,6956400
30-01-2018,127.9,127.9,126.7,126.8,126.8,9736100
31-01-2018,127.4,127.8,126.4,127.7,127.7,13418900
13-02-2018,125.7,126.2,125.5,126.1,126.1,5321300
14-02-2018,126.5,128.6,126.3,128.2,128.2,16416400
15-02-2018,128.4,128.6,127.9,128.4,128.4,7276500
16-02-2018,128.3,128.7,127.6,128,128,7956900
20-02-2018,127.3,127.4,126,126.2,126.2,11148700
21-02-2018,126.4,126.8,125.4,125.7,125.7,7908800
22-02-2018,125.9,126.4,125.9,126.3,126.3,5346300
23-02-2018,126.1,126.3,125.8,126.1,126.1,4239700
26-02-2018,126.4,126.6,126.2,126.4,126.4,3194300
27-02-2018,126.1,126.2,124.6,125.1,125.1,7082300
28-02-2018,125.1,125.5,124.8,125,125,4534900
13-03-2018,125.7,126,125.1,125.8,125.8,4798300
14-03-2018,125.5,125.8,125.3,125.7,125.7,3777000
15-03-2018,125.1,125.2,124.7,124.9,124.9,6130100
16-03-2018,124.8,124.9,124.2,124.6,124.6,7402200
19-03-2018,124.6,125.2,124.4,124.9,124.9,4335400
20-03-2018,124.4,124.6,124,124.3,124.3,3399400
21-03-2018,125.4,126.8,125,126.5,126.5,12532000
22-03-2018,126.1,126.3,125.6,126,126,5298700
23-03-2018,127.8,128.1,127.6,127.6,127.6,12025900
26-03-2018,128.1,128.6,128,128.3,128.3,6169800
27-03-2018,127.2,127.6,127.1,127.5,127.5,6180700
28-03-2018,126.5,126.6,125.5,125.7,125.7,10254900
29-03-2018,125.4,125.8,125.3,125.8,125.8,7102000
13-04-2018,127.1,127.8,127,127.4,127.4,6821300
16-04-2018,127.7,128.1,127.6,127.6,127.6,4600000
17-04-2018,127,127.8,127,127.8,127.8,4184100
18-04-2018,128.3,128.5,127.8,127.8,127.8,6755600
19-04-2018,127.8,127.9,127.1,127.6,127.6,8736100
20-04-2018,126.7,127,126.6,126.6,126.6,10403100
23-04-2018,125.6,125.8,125.3,125.6,125.6,6921500
24-04-2018,125.8,126.3,125.7,126.2,126.2,4733100
25-04-2018,125.2,125.5,125.1,125.4,125.4,5985700
26-04-2018,125.5,125.6,124.7,125,125,7517100
27-04-2018,125.2,125.6,125.2,125.5,125.5,5654000
30-04-2018,124.4,125.2,124.2,124.6,124.6,9830600
14-05-2018,125.2,125.2,124.4,124.5,124.5,3753200
15-05-2018,122.8,122.8,122.1,122.5,122.5,10911900
16-05-2018,122.4,122.6,122,122.3,122.3,4943300
17-05-2018,122.2,122.4,122,122.4,122.4,7781300
18-05-2018,122.1,122.7,122,122.4,122.4,6837100
21-05-2018,122.2,122.5,122,122.5,122.5,4126700
22-05-2018,122.7,122.7,122.3,122.4,122.4,4579600
23-05-2018,122.1,122.7,122.1,122.5,122.5,7007300
24-05-2018,123.1,123.8,123.1,123.6,123.6,8850100
25-05-2018,123.7,123.7,123.2,123.2,123.2,7920700
29-05-2018,122.8,123.6,122.7,123.2,123.2,9013200
30-05-2018,123.2,123.6,123.2,123.4,123.4,4573700
31-05-2018,123.3,123.8,123.1,123.1,123.1,7862500
13-06-2018,122.8,123.3,122.5,123.2,123.2,5867700
14-06-2018,123.6,123.9,123.3,123.4,123.4,8015400
15-06-2018,122.2,122.2,120.8,121.3,121.3,14537000
18-06-2018,121.3,121.4,121,121.1,121.1,3846000
19-06-2018,120.8,121,120.6,120.8,120.8,4925800
20-06-2018,120.8,120.8,120.2,120.3,120.3,4548500
21-06-2018,119.9,120.3,119.8,120.1,120.1,5681900
22-06-2018,120.2,120.4,120.1,120.3,120.3,4489400
25-06-2018,120,120.2,119.8,119.9,119.9,9300200
26-06-2018,119.3,119.6,119.1,119.3,119.3,8674500
27-06-2018,119,119.1,118.5,118.6,118.6,6480100
28-06-2018,118.6,118.7,118,118.2,118.2,7760500
29-06-2018,118.4,118.9,118.3,118.7,118.7,8002800
13-07-2018,117.6,117.8,117.4,117.6,117.6,5444300
16-07-2018,117.5,117.6,117.3,117.6,117.6,3670700
17-07-2018,116.7,116.9,116.1,116.3,116.3,7939600
18-07-2018,116,116.3,115.8,116.3,116.3,5391800
19-07-2018,115.1,116.5,115.1,115.8,115.8,14227600
20-07-2018,116.4,116.7,116.2,116.6,116.6,7892000
23-07-2018,116.3,116.3,115.8,116,116,6247100
24-07-2018,116.2,116.4,115.9,116,116,4801000
25-07-2018,116.8,116.8,116.3,116.7,116.7,5479600
26-07-2018,116.2,116.5,115.8,115.8,115.8,6382700
27-07-2018,115.9,116.2,115.8,115.8,115.8,5242000
30-07-2018,115.8,116,115.6,115.7,115.7,4157400
31-07-2018,115.5,116.3,115.4,116,116,5508500
13-08-2018,113.8,113.8,112.8,113,113,9150900
14-08-2018,113.3,113.5,112.8,113.1,113.1,7085900
15-08-2018,112.2,112.2,111.1,111.2,111.2,12398400
16-08-2018,111.5,111.9,111.1,111.1,111.1,7484600
17-08-2018,111.7,112.2,111.4,112.1,112.1,8471000
20-08-2018,112.4,112.7,112.2,112.7,112.7,5313400
21-08-2018,112.8,113.1,112.4,113,113,5042400
22-08-2018,113.4,113.5,113.1,113.3,113.3,6215600
23-08-2018,112.7,112.9,112.1,112.2,112.2,5500100
24-08-2018,113.3,114.4,113.2,114.2,114.2,9214700
27-08-2018,114.1,114.8,114.1,114.6,114.6,4364000
28-08-2018,114.8,114.9,113.6,113.7,113.7,6101400
29-08-2018,114.2,114.2,113.8,114.2,114.2,5616300
30-08-2018,113.9,113.9,113.2,113.6,113.6,5431600
31-08-2018,113.7,114.1,113.4,113.5,113.5,5048700
13-09-2018,114.7,114.8,113.6,113.8,113.8,5635900
14-09-2018,113.8,113.9,112.9,113,113,5375600
17-09-2018,113.6,114,113.6,113.6,113.6,4727300
18-09-2018,113.8,113.9,113.3,113.4,113.4,4737800
19-09-2018,113.9,114.2,113.7,113.9,113.9,4223200
20-09-2018,114.2,114.4,113.9,114.3,114.3,4384200
21-09-2018,112.9,113.7,112.8,113.5,113.5,6831400
24-09-2018,113.7,114,113.4,113.5,113.5,4435300
25-09-2018,113.8,113.9,113.6,113.7,113.7,3004800
26-09-2018,113.1,113.6,112.7,113.1,113.1,8297300
27-09-2018,112.1,112.4,111.8,112.1,112.1,7683400
28-09-2018,112.2,113,112.1,112.8,112.8,6020600
15-10-2018,116.1,116.5,115.9,116,116,11828400
16-10-2018,116.5,116.6,115.8,115.8,115.8,9531800
17-10-2018,115.9,116.3,115.7,115.8,115.8,7078600
18-10-2018,115.8,116.4,115.6,115.9,115.9,7964100
19-10-2018,116.2,116.2,116,116,116,7453900
22-10-2018,115.6,115.8,115.4,115.7,115.7,5200500
23-10-2018,117.2,117.3,116.3,116.4,116.4,12704200
24-10-2018,116.4,116.7,116.1,116.7,116.7,8563300
25-10-2018,116.6,116.7,116.2,116.4,116.4,8303500
26-10-2018,116.8,117.7,116.5,116.8,116.8,15733100
29-10-2018,116.4,116.5,115.8,116.3,116.3,8732500
30-10-2018,115.8,116,115.6,115.8,115.8,7233300
31-10-2018,114.9,115.2,114.7,115.2,115.2,11409300
13-11-2018,113.7,113.9,113.4,113.7,113.7,9309000
14-11-2018,113.5,115.1,113.5,114.6,114.6,13950200
15-11-2018,114.8,115,114.6,114.8,114.8,8910600
16-11-2018,115.8,115.9,115.4,115.6,115.6,8577000
19-11-2018,115.4,115.9,115.4,115.7,115.7,8508300
20-11-2018,115.9,115.9,115.4,115.7,115.7,9075100
21-11-2018,115.9,116.3,115.9,115.9,115.9,8834200
23-11-2018,115.8,115.9,115.6,115.8,115.8,3726600
26-11-2018,115.8,115.9,115.5,115.6,115.6,4018600
27-11-2018,115.6,115.6,114.6,114.9,114.9,9671100
28-11-2018,114.8,116.1,114.6,115.4,115.4,13788800
29-11-2018,116,116.2,115.6,115.7,115.7,6479300
30-11-2018,115.4,115.7,115,115.5,115.5,8169600
13-12-2018,117.5,117.6,117.3,117.5,117.5,4131800
14-12-2018,116.6,117.3,116.6,117.1,117.1,7501700
17-12-2018,117.4,118,117.3,117.9,117.9,8454900
18-12-2018,117.8,118.2,117.8,118.2,118.2,7542900
19-12-2018,118.2,119,117.4,117.4,117.4,13827500
20-12-2018,119.1,119.7,118.7,119.2,119.2,18615100
21-12-2018,119.2,119.3,118.6,118.7,118.7,13629800
24-12-2018,119.6,120.1,119.6,120,120,9736400
26-12-2018,120.6,121,119.6,119.7,119.7,14293500
27-12-2018,120.6,120.9,120.1,120.6,120.6,11874400
28-12-2018,120.8,121.1,120.7,121.1,121.1,6864700
31-12-2018,121,121.3,120.8,121.3,121.3,8449400
14-01-2019,122.2,122.2,121.9,122.1,122.1,6477100
15-01-2019,122.3,122.4,121.6,121.9,121.9,7512500
16-01-2019,122,122.4,122,122.3,122.3,6878100
17-01-2019,122,122.3,121.8,122.1,122.1,8558500
18-01-2019,121.2,121.5,121,121,121,10896000
22-01-2019,121.2,121.5,120.9,121.4,121.4,7896500
23-01-2019,121,121.5,120.9,121.3,121.3,5224900
24-01-2019,121.2,121.4,120.9,121.1,121.1,5662500
25-01-2019,122,122.9,122,122.9,122.9,11103300
28-01-2019,122.8,123.3,122.7,123.3,123.3,8522200
29-01-2019,123.7,124,123.5,124,124,11610200
30-01-2019,123.9,125.1,123.7,124.7,124.7,12104000
31-01-2019,125.2,125.2,124.6,124.8,124.8,10209500
13-02-2019,123.8,124.6,123.3,123.4,123.4,7640500
14-02-2019,123.8,124.2,123.5,124.1,124.1,6276500
15-02-2019,124.6,125,124.2,124.8,124.8,12190100
19-02-2019,126,126.8,125.9,126.7,126.7,15614000
20-02-2019,127,127.2,126.3,126.5,126.5,8889700
21-02-2019,126.2,126.2,125.1,125.1,125.1,8634600
22-02-2019,125.5,125.9,125.4,125.5,125.5,5439400
25-02-2019,125.8,125.9,125.2,125.4,125.4,4882600
26-02-2019,125.3,125.6,125.1,125.6,125.6,5153200
27-02-2019,125.2,125.2,124.4,124.7,124.7,7935600
28-02-2019,124.7,124.7,124,124,124,7811700
13-03-2019,123.6,123.9,123.4,123.8,123.8,7377300
14-03-2019,122.3,122.6,122.1,122.4,122.4,6778200
15-03-2019,123.1,123.4,122.9,123,123,9412000
18-03-2019,123.3,123.4,122.9,123,123,7783200
19-03-2019,123.7,123.8,123.3,123.4,123.4,6558700
20-03-2019,123.7,124.4,122.7,124.2,124.2,11304900
21-03-2019,124.4,124.4,123.1,123.7,123.7,7739800
22-03-2019,123.9,124.2,123.7,124,124,5874000
25-03-2019,124.6,125.1,124.5,124.9,124.9,7288300
26-03-2019,124.5,124.5,124.1,124.3,124.3,5056100
27-03-2019,124.3,124.4,123.6,123.7,123.7,6595000
28-03-2019,122.3,122.4,121.7,121.9,121.9,11878300
29-03-2019,122.6,122.8,122,122,122,7093900
15-04-2019,121.2,121.8,121.1,121.6,121.6,4252400
16-04-2019,120.4,120.6,120.2,120.5,120.5,10097800
17-04-2019,120.5,120.5,120.2,120.3,120.3,4693900
18-04-2019,120.2,120.5,120.2,120.4,120.4,4090400
22-04-2019,120.5,120.5,120.3,120.4,120.4,2250900
23-04-2019,119.7,120.2,119.6,120.1,120.1,5574800
24-04-2019,120.1,120.7,120,120.5,120.5,4173000
25-04-2019,120.7,121.1,120.5,120.6,120.6,4836900
26-04-2019,121.3,121.7,121.2,121.4,121.4,6022700
29-04-2019,120.9,120.9,120.7,120.8,120.8,4469300
30-04-2019,120.9,121.4,120.8,121.2,121.2,4758600
13-05-2019,122.6,122.8,122.3,122.7,122.7,11130900
14-05-2019,122.6,122.7,122.1,122.5,122.5,5556000
15-05-2019,122.7,122.8,122.2,122.4,122.4,10299000
16-05-2019,122,122.1,121.2,121.5,121.5,6349400
17-05-2019,121,121.1,120.3,120.7,120.7,6589300
20-05-2019,120.5,120.7,120.4,120.6,120.6,4345800
21-05-2019,120.1,120.4,119.8,120.4,120.4,3845600
22-05-2019,120.3,120.5,120.2,120.2,120.2,3741800
23-05-2019,120.8,121.5,120.8,121.2,121.2,6054600
24-05-2019,121.1,121.3,120.9,121.3,121.3,2324700
28-05-2019,120.8,120.8,120.5,120.8,120.8,4303500
29-05-2019,121.1,121.3,120.8,120.9,120.9,4133200
30-05-2019,121,121.7,120.8,121.7,121.7,7757000
31-05-2019,122.6,123.4,122.3,123.3,123.3,15367000
13-06-2019,126,126.8,126,126.6,126.6,5374800
14-06-2019,127.2,127.6,126.3,126.6,126.6,9226100
17-06-2019,126.7,126.8,126.2,126.5,126.5,4763300
18-06-2019,127.6,127.8,126.4,127.1,127.1,10309600
19-06-2019,126.8,128,126.7,127.9,127.9,11660600
20-06-2019,130.4,131.5,130.2,131.1,131.1,18636300
21-06-2019,131.8,132.2,131.1,132,132,15068000
24-06-2019,132.8,134,132.6,133.9,133.9,17851800
25-06-2019,134.9,135.6,133.2,134.2,134.2,24772200
26-06-2019,133,133.6,132.4,133,133,12016400
27-06-2019,132.4,133,132.3,132.8,132.8,8412800
28-06-2019,133.1,133.3,132.6,133.2,133.2,8077000
15-07-2019,133.2,133.5,132.8,133.5,133.5,4026600
16-07-2019,133.2,133.3,132.1,132.4,132.4,7966000
17-07-2019,133,134.6,132.9,134.6,134.6,11288300
18-07-2019,133.8,136.6,133.6,136.5,136.5,18448200
19-07-2019,135.4,136,134,134.5,134.5,18079200
22-07-2019,134.6,134.8,134.3,134.4,134.4,7570400
23-07-2019,134.4,134.9,133.6,133.7,133.7,9981400
24-07-2019,134.6,134.8,134,134.4,134.4,6715200
25-07-2019,134.2,134.3,133.1,133.4,133.4,11708200
26-07-2019,134.2,134.3,133.6,133.6,133.6,6249900
29-07-2019,134.1,134.7,133.4,134.5,134.5,9162400
30-07-2019,134.8,135.2,134.4,135,135,9458700
31-07-2019,135,135.4,133,133.2,133.2,18797200
13-08-2019,143.2,143.3,139.4,141.8,141.8,29842800
14-08-2019,142.9,143.8,142.1,142.8,142.8,20672900
15-08-2019,143,144,142.6,143.7,143.7,13467800
16-08-2019,142.8,143.1,141.8,142.8,142.8,11728800
19-08-2019,141.3,141.8,140.9,141.1,141.1,10552700
20-08-2019,141.8,142.3,141.6,142.2,142.2,7478500
21-08-2019,141.6,142.2,141.5,141.8,141.8,8114700
22-08-2019,141.4,141.9,141.2,141.4,141.4,6846500
23-08-2019,141.8,144.3,141.6,144.2,144.2,20282200
26-08-2019,144.4,145,143.9,144.2,144.2,12195800
27-08-2019,144.3,145.7,144.3,145.6,145.6,12844100
28-08-2019,145.4,145.7,144.6,145.2,145.2,11452400
29-08-2019,145.4,145.5,143.3,144.1,144.1,14762500
30-08-2019,143.8,144.9,143,143.8,143.8,9642200
13-09-2019,141.7,142,140.1,140.1,140.1,13451700
16-09-2019,141.6,142.1,141,141.3,141.3,8094600
17-09-2019,141.8,142.1,141.2,141.6,141.6,7010200
18-09-2019,141.9,142.5,139.8,140.7,140.7,15026300
19-09-2019,141.6,141.7,141.1,141.3,141.3,8057400
20-09-2019,141.6,143,141.5,142.9,142.9,12110000
23-09-2019,143.2,143.9,143.1,143.8,143.8,9006500
24-09-2019,143.2,144.8,142.9,144.5,144.5,10576300
25-09-2019,144.1,144.3,141.4,141.8,141.8,11648400
26-09-2019,142.2,142.6,141.6,141.8,141.8,7984600
27-09-2019,140.4,141.7,140.2,141.1,141.1,9804200
30-09-2019,139.8,140.2,138,138.9,138.9,15459100
14-10-2019,140.4,140.8,140.3,140.6,140.6,4006700
15-10-2019,140.3,140.3,139.2,139.6,139.6,9128300
16-10-2019,140.1,140.5,139.7,140.4,140.4,10330300
17-10-2019,140.5,141.1,140.4,140.6,140.6,6131000
18-10-2019,140.5,140.7,140.3,140.5,140.5,6416100
21-10-2019,140.7,140.8,139.6,139.8,139.8,8306200
22-10-2019,140.1,140.3,139.7,140.2,140.2,3879700
23-10-2019,140.6,141,140.5,140.5,140.5,4155300
24-10-2019,141,141.7,140.9,141.5,141.5,6174800
25-10-2019,142.8,142.8,141.4,141.9,141.9,6011500
28-10-2019,141.3,141.3,140.4,140.6,140.6,5442000
29-10-2019,140,140.6,139.8,140.3,140.3,3835400
30-10-2019,140.5,141,139.6,141,141,6992900
31-10-2019,142,142.7,141.9,142.4,142.4,7050900
13-11-2019,137.8,138.2,137.6,138,138,8776000
14-11-2019,138.4,138.9,137.9,138.6,138.6,5220500
15-11-2019,138,138.4,138,138.2,138.2,10106700
18-11-2019,138.4,138.9,138.3,138.6,138.6,5717900
19-11-2019,138.1,139,138.1,138.7,138.7,4824400
20-11-2019,138.5,139,138.1,138.8,138.8,6892100
21-11-2019,138.4,138.6,137.8,138,138,4197200
22-11-2019,138.4,138.5,137.7,137.7,137.7,3620300
25-11-2019,137.3,137.6,137,137.1,137.1,6415800
26-11-2019,137,137.8,136.6,137.7,137.7,4724400
27-11-2019,137,137.2,136.8,137,137,4111000
29-11-2019,137.1,138.1,137.1,137.9,137.9,4516400
13-12-2019,138.5,139.2,138,139.1,139.1,6964300
16-12-2019,139.2,139.4,138.8,139,139,4646100
17-12-2019,139,139.3,138.9,139,139,4287500
18-12-2019,138.9,139.3,138.8,139,139,3607600
19-12-2019,139,139.6,138.9,139.4,139.4,4975000
20-12-2019,139.4,139.5,139,139.5,139.5,4463900
23-12-2019,139.5,140,139.5,139.9,139.9,5180900
24-12-2019,140.4,141.3,140.4,141.3,141.3,5303700
26-12-2019,142.1,142.5,141.9,142.4,142.4,8342500
27-12-2019,142.3,142.7,142.2,142.3,142.3,5119900
30-12-2019,142.6,142.8,142.5,142.6,142.6,4810600
31-12-2019,143.3,143.6,142.8,142.9,142.9,5313500
13-01-2020,146.4,146.4,145.8,145.8,145.8,7593800
14-01-2020,145.4,145.8,145.1,145.7,145.7,6589700
15-01-2020,146.2,146.7,145.8,146.5,146.5,6510000
16-01-2020,146.3,146.5,145.8,146.3,146.3,6069100
17-01-2020,146.5,147,146.3,146.6,146.6,11121100
21-01-2020,145.8,146.9,145.6,146.7,146.7,6086100
22-01-2020,146.7,146.8,146.4,146.8,146.8,4778200
23-01-2020,147,147.6,146.6,147.1,147.1,8419800
24-01-2020,146.9,148.4,146.9,148,148,9919900
27-01-2020,149.2,149.3,148.5,149,149,9988100
28-01-2020,148.4,148.6,147.5,147.7,147.7,7543100
29-01-2020,147.7,148.6,147.6,148.5,148.5,5013100
30-01-2020,148.7,149.3,148,148.5,148.5,9119500
31-01-2020,148.9,149.7,148.8,149.3,149.3,14788300
13-02-2020,148.2,148.6,147.9,148.4,148.4,7082100
14-02-2020,148.7,149.1,148.6,149,149,5345400
18-02-2020,149.9,151.1,149.5,150.9,150.9,11524900
19-02-2020,151,151.8,150.8,151.8,151.8,9269800
20-02-2020,152,152.8,151.9,152.4,152.4,8457300
21-02-2020,154.4,155.2,154.2,154.7,154.7,16344500
24-02-2020,158.5,158.5,155.4,156.1,156.1,27171000
25-02-2020,155.1,156.1,152.9,153.3,153.3,28091500
26-02-2020,153.8,155.3,152.9,154,154,17912500
27-02-2020,155.6,156.3,153.9,154,154,27878500
28-02-2020,152.7,152.8,147.1,148.4,148.4,42699600
13-03-2020,149.4,149.6,141.6,143.3,143.3,35177200
16-03-2020,137.6,143,136.1,141.6,141.6,24496000
17-03-2020,140.2,146.2,139.9,143.6,143.6,24490300
18-03-2020,141.8,142.9,138.5,140.7,140.7,21953400
19-03-2020,139.1,140.5,137.9,138,138,20828900
20-03-2020,140.7,141.2,139.1,140.1,140.1,20056000
23-03-2020,142.7,146.9,142.3,146.3,146.3,28275200
24-03-2020,153.5,155.7,152.1,153.4,153.4,20743500
25-03-2020,152.6,152.9,151,151.3,151.3,16457200
26-03-2020,153.3,154.8,152.1,153.2,153.2,12778200
27-03-2020,153,153.6,152,152.3,152.3,9824600
30-03-2020,152.4,153.1,151.6,152.9,152.9,12080900
31-03-2020,151.4,151.8,148,148.1,148.1,13319500
13-04-2020,159.2,162.4,158.6,161.4,161.4,20549200
14-04-2020,162.7,164.4,161.8,162.7,162.7,17095100
15-04-2020,161.8,162.5,160.8,161.9,161.9,12141900
16-04-2020,161.9,163.1,160.6,161.7,161.7,9233200
17-04-2020,159.7,160.1,158.1,158.6,158.6,14652700
20-04-2020,158.6,160.2,158.5,159.7,159.7,10688700
21-04-2020,157.6,159.2,157,158.6,158.6,12478100
22-04-2020,160.5,161.7,160.4,161.7,161.7,12902100
23-04-2020,162.4,163.6,161.8,163.3,163.3,14928500
24-04-2020,163.1,163.3,160.9,162.6,162.6,11199300
27-04-2020,161.9,162,160.4,161.6,161.6,9033500
28-04-2020,160.9,161,159.2,160.8,160.8,10383000
29-04-2020,160.1,161.9,159.8,161.7,161.7,12232300
30-04-2020,160.2,160.8,158.1,158.8,158.8,13633500
13-05-2020,160.9,161.6,160.5,161.6,161.6,10950400
14-05-2020,161.5,163.3,161.5,163,163,17084400
15-05-2020,164,164.8,163.1,163.9,163.9,13918800
18-05-2020,164.3,164.5,162.4,162.7,162.7,14133800
19-05-2020,163.6,164.4,163,164.3,164.3,8535800
20-05-2020,164.5,165,163.9,164.6,164.6,10666100
21-05-2020,163.5,163.6,161.4,162.3,162.3,11791000
22-05-2020,162.9,163.5,162.7,163.2,163.2,8540900
26-05-2020,162.6,162.6,160.7,160.9,160.9,13972000
27-05-2020,159.4,161.3,159.2,161.2,161.2,13063500
28-05-2020,162.1,162.5,160.9,161.7,161.7,9758500
29-05-2020,162.6,163.4,162.3,162.9,162.9,12581800
15-06-2020,160.5,162.6,160.2,162.3,162.3,8532500
16-06-2020,161.9,162.7,161.4,162.3,162.3,7964000
17-06-2020,162,162.6,161.8,162.6,162.6,4758200
18-06-2020,162.2,162.3,161.4,162.2,162.2,5397600
19-06-2020,162.9,164.1,162.8,164,164,12187400
22-06-2020,165.1,165.7,164.4,165.1,165.1,12385600
23-06-2020,165.6,166.5,165.5,166.5,166.5,12137300
24-06-2020,166,167,165.4,165.9,165.9,10901400
25-06-2020,165.9,165.9,165.2,165.8,165.8,7093800
26-06-2020,164.9,166.6,164.2,166.5,166.5,9753500
29-06-2020,166.6,166.8,166.2,166.6,166.6,6735700
30-06-2020,166.3,168,166.2,167.4,167.4,12762300
13-07-2020,170.3,170.4,169.2,169.4,169.4,11095900
14-07-2020,169,170.2,168.8,170.2,170.2,9812700
15-07-2020,169.6,170.4,169.4,170.3,170.3,7533800
16-07-2020,169.8,170,168.6,168.7,168.7,10242400
17-07-2020,169.9,170.3,169.6,170.1,170.1,10296000
20-07-2020,170.8,171.1,170.3,170.9,170.9,10095500
21-07-2020,172.5,173.3,172.3,173,173,12826100
22-07-2020,174.1,175.8,173.8,175.6,175.6,18712500
23-07-2020,176.2,178.4,175.6,177.2,177.2,23006800
24-07-2020,179.1,179.2,178.2,178.7,178.7,15601300
27-07-2020,181.9,182.8,181.5,182.2,182.2,21115600
28-07-2020,182,184.3,181.4,183.8,183.8,21164600
29-07-2020,184,186.1,182.4,185.1,185.1,25640100
30-07-2020,183.4,184.3,182.1,183.8,183.8,18061200
31-07-2020,184.5,185.8,184.2,185.4,185.4,15876700
13-08-2020,181.6,184.7,181.4,183.3,183.3,18596800
14-08-2020,183.4,183.7,181.5,182.5,182.5,11792000
17-08-2020,184.7,187,184.7,186.5,186.5,15709800
18-08-2020,189.2,189.4,185.6,188.2,188.2,16291600
19-08-2020,187.2,187.5,181.7,182.2,182.2,24646900
20-08-2020,181.2,183.7,180.9,183.5,183.5,16692200
21-08-2020,182.1,182.8,180.5,182,182,12713700
24-08-2020,182.9,182.9,180.7,181,181,11605800
25-08-2020,181.1,181.3,179.7,181.2,181.2,10056100
26-08-2020,180.3,183.6,180.2,183.4,183.4,12715800
27-08-2020,185,185.2,179.4,181.2,181.2,16299200
28-08-2020,184,185.4,183.4,184.4,184.4,13200800
31-08-2020,184.8,185.5,184.3,184.8,184.8,10251200
14-09-2020,183.6,184.3,183.4,183.9,183.9,9709500
15-09-2020,184.5,184.7,182.9,183.4,183.4,7993700
16-09-2020,185,185,183.3,184,184,12702400
17-09-2020,181.9,183.1,181.5,183,183,8836200
18-09-2020,183.1,184.1,182.6,183.2,183.2,9959700
21-09-2020,179.8,180.3,176.8,179.5,179.5,17436100
22-09-2020,179.6,180,178.1,178.6,178.6,7977900
23-09-2020,177,177.3,174.1,174.8,174.8,18134000
24-09-2020,174.4,176.2,173.8,175.4,175.4,11759200
25-09-2020,174.4,175.3,173.9,174.9,174.9,6779200
28-09-2020,175.8,176.8,175.1,176.7,176.7,7109700
29-09-2020,177.2,178.3,176.9,178.2,178.2,8718500
30-09-2020,177.7,178.6,176.7,177.1,177.1,8371800
13-10-2020,178.6,178.6,177.1,177.7,177.7,8384300
14-10-2020,179.1,179.6,178.3,178.3,178.3,9076600
15-10-2020,177.7,179.1,177.6,178.9,178.9,6815400
16-10-2020,179.2,179.3,178.1,178.3,178.3,7260700
19-10-2020,179.4,179.5,178.4,178.4,178.4,6084400
20-10-2020,178.5,179.7,178.1,179.3,179.3,7121400
21-10-2020,180.5,181.3,180.2,180.6,180.6,7548100
22-10-2020,178.9,179,177.7,178.8,178.8,8377000
23-10-2020,179.1,179.2,177.8,178.6,178.6,5919300
26-10-2020,178.8,179.1,178.2,178.6,178.6,5105100
27-10-2020,178.7,179.4,178.5,179,179,5826900
28-10-2020,176.4,176.9,175.4,176.1,176.1,11734100
29-10-2020,175,176.1,174.8,175.4,175.4,8474500
30-10-2020,177.2,177.4,175.9,176.2,176.2,7303000
13-11-2020,177.6,177.8,176.8,177.2,177.2,6469800
16-11-2020,177.2,177.9,176.9,177.1,177.1,8358500
17-11-2020,177.3,177.4,176.1,176.5,176.5,8229100
18-11-2020,176.3,176.9,175.4,175.5,175.5,7384700
19-11-2020,174.3,175.2,174.2,175.2,175.2,6965100
20-11-2020,176.1,176.4,175.6,175.7,175.7,6379400
23-11-2020,175.1,175.2,171.8,172.2,172.2,15510600
24-11-2020,169.3,169.7,168.9,169.6,169.6,19504000
25-11-2020,170,170.5,169.2,169.5,169.5,10286600
27-11-2020,166.9,167.8,166.8,167.8,167.8,10569100
30-11-2020,166.7,167.4,166,166.7,166.7,13210000
14-12-2020,171.9,172.5,170.9,171.5,171.5,7644400
15-12-2020,173.4,174,173.1,173.9,173.9,6840500
16-12-2020,174.1,175,173,174.9,174.9,8174700
17-12-2020,177.1,177.9,176.6,176.7,176.7,9475800
18-12-2020,176.6,177,176.1,176.4,176.4,6789900
21-12-2020,176.3,176.9,175.8,175.9,175.9,8168900
22-12-2020,176.2,176.3,174.3,174.5,174.5,9442400
23-12-2020,175.1,176.2,175.1,175.6,175.6,6542800
24-12-2020,175.6,176.4,175.5,176.4,176.4,3695400
28-12-2020,177.3,177.9,175.6,175.7,175.7,7778700
29-12-2020,176.3,177,175.6,176.4,176.4,5983700
30-12-2020,176.4,177.7,176.4,177.7,177.7,5914000
31-12-2020,178.1,178.4,177.3,178.4,178.4,7540800
13-01-2021,173.7,174.5,173.1,173.4,173.4,14110300
14-01-2021,173.4,174.2,172.7,173.3,173.3,13522700
15-01-2021,172.8,173.1,171,171.1,171.1,16172500
19-01-2021,172.7,172.9,171.9,172.6,172.6,7485700
20-01-2021,174.4,175.5,173.8,175.4,175.4,9456000
21-01-2021,175.1,175.5,174.5,175.3,175.3,7246800
22-01-2021,172.9,174.3,172.4,173.9,173.9,7269600
25-01-2021,174.8,175,173.2,174.1,174.1,5936800
26-01-2021,174,174.3,173.4,173.6,173.6,4685600
27-01-2021,172.9,173.5,171.7,172.5,172.5,9036500
28-01-2021,174.3,174.7,172,172.7,172.7,9392400
29-01-2021,174.9,175.2,172.6,172.6,172.6,11252800
16-02-2021,168.1,170.1,167.7,168.2,168.2,14761100
17-02-2021,166.9,167.3,165.9,166.3,166.3,11400700
18-02-2021,167,167.3,165.7,166.3,166.3,7498200
19-02-2021,166.8,167.9,166.6,167,167,8273500
22-02-2021,168.5,169.9,168.3,169.5,169.5,10072000
23-02-2021,169.5,169.7,168.3,169.1,169.1,8616800
24-02-2021,167.6,169.1,167.1,169,169,8890600
25-02-2021,166.9,167.7,165.4,165.8,165.8,16359400
26-02-2021,165,165.1,160.9,161.8,161.8,23730400
15-03-2021,162.3,162.6,161.4,162.2,162.2,8104500
16-03-2021,162.4,163.2,161.8,162.4,162.4,7547400
17-03-2021,162.3,164.1,161.5,163.5,163.5,12626700
18-03-2021,161.1,162.8,161.1,162.6,162.6,8711100
19-03-2021,162.6,163.4,162.4,163.2,163.2,6868900
22-03-2021,162.3,163.1,162.2,163,163,5240000
23-03-2021,162.4,162.5,161.6,161.8,161.8,6048300
24-03-2021,162.2,162.9,161.9,162.4,162.4,6183700
25-03-2021,163.1,163.6,161.3,161.8,161.8,8398600
26-03-2021,161.7,162.7,161.6,162.2,162.2,6153900
29-03-2021,161.5,161.5,159.8,160.3,160.3,8409300
30-03-2021,157.9,158.2,157.6,157.6,157.6,8353200
31-03-2021,158.1,160.7,158.1,160,160,10623800
13-04-2021,163.2,163.9,163,163.4,163.4,6995900
14-04-2021,162.8,163.1,162.3,162.7,162.7,6312300
15-04-2021,164.1,165.8,164,165.4,165.4,8250600
16-04-2021,166.2,166.8,165.9,166.4,166.4,10057600
19-04-2021,165.9,166.4,165.7,165.9,165.9,5721700
20-04-2021,165.6,166.8,165.6,166.5,166.5,6532000
21-04-2021,167.2,168.4,167.1,168.1,168.1,8380200
22-04-2021,167.1,167.5,166.5,167,167,7680100
23-04-2021,167.4,167.5,165.8,166.4,166.4,7106400
26-04-2021,166.6,166.9,166.1,166.8,166.8,4786600
27-04-2021,166.9,167.1,166.3,166.4,166.4,5363500
28-04-2021,165.8,167,165.5,166.9,166.9,6932200
29-04-2021,165.6,166.3,164.5,166.2,166.2,9067600
30-04-2021,165.9,166,165.2,165.7,165.7,6248700
13-05-2021,170.4,171.3,170.2,171.1,171.1,8078300
14-05-2021,172.1,172.7,171.8,172.7,172.7,9686800
17-05-2021,173.3,175,173.3,174.7,174.7,11956800
18-05-2021,175.2,175.2,174.5,175,175,7294000
19-05-2021,175.1,177,174.4,175.2,175.2,20741100
20-05-2021,175.3,176.5,175.1,176,176,9802800
21-05-2021,176.6,176.9,175.1,176,176,7677200
24-05-2021,176.1,176.6,175.9,176.4,176.4,5557300
25-05-2021,176.1,177.9,176,177.9,177.9,8986900
